No,Nama,Rating,Comments,Links
1,AVOSKIN Miraculous Refining Toner,3,maju mundur terus mau beli ini karena emg gapernah cocok sama chemical exfo. pemakaian pertama berasa banget tingling sensationnya dan merah2 gitu cenderung gatel. pemakaian kedua udah mendingan efeknya tapi ternyata besokannya kulitku mulai gradakan cikal jerawat mau tumbuh. akhirnya aku stop krn aku bukan aliran yang percaya sama purging.,https://www.sociolla.com/toner/10422-miraculous-refining-toner
2,AVOSKIN Miraculous Refining Toner,4,"bagus sih tonernya cuman sedikit nyesel karna mahal bgt pas beli galiat kalo 20ml pdhl nambah dikit udah dpt yg 100ml beli karna diskon di sociolla huhu,( pas dateng malah kecewa kecil bgt jd kaya beli share in jar mungkin kl beli share in jar lebih murahh masih kecewaa bgtt karna kelalaian yg biasanya kl mau beli tuh diliat detail tp ini engga:(",https://www.sociolla.com/toner/10422-miraculous-refining-toner
3,AVOSKIN Miraculous Refining Toner,5,terlalu cinta sama ini produk awalnya takut karna semua bahan exfoliate ada disini tapi coba untuk memberanikan diri dan walaaa liat mukaku sekarang jadi bersyukur banget make produk ini supeer duper exfoliating product yg muantul,https://www.sociolla.com/toner/10422-miraculous-refining-toner
4,AVOSKIN Miraculous Refining Toner,5,beliin ini untuk adikku  muka dia acne prone gitu dan ini bagus jadi bekas jerawatnya lumayan pudaaar tp harus take time dl gt gbs instant. adikku dah botol ke dua hehe top ktnya,https://www.sociolla.com/toner/10422-miraculous-refining-toner
5,AVOSKIN Miraculous Refining Toner,3,Bingung banget tiap pake ini selalu bikin jeriwi yg mau ilang jadi keisi lagi mateng gitu. Aku pakenya jarang2 padahal  seminggu cuma 2x. Mau aku terusin kok takut kalo muncul jerawat lagi jadinya mau coba yg lebih kalem aja dari ini hehe,https://www.sociolla.com/toner/10422-miraculous-refining-toner
6,AVOSKIN Miraculous Refining Toner,1,maaf banget klo g kasi bintang 1 karena yg g perlu itu si miraculous refining toner trus dikirim yg retinol dong. disaat toner dirumah bener” tinggal di bantat botol   trus salah dtg . kecewa sihh. mudah” dari pihak sociolla lebih teliti gtu saat packing barang,https://www.sociolla.com/toner/10422-miraculous-refining-toner
7,AVOSKIN Miraculous Refining Toner,2,"perih"" panas banget ga gitu suka exfo toner ini. biasa aku exfo toner perih panas di awal & mereda setelah hydra toner. ini mesti banyak bgt moisturizer baru enakan. kulit kelupass",https://www.sociolla.com/toner/10422-miraculous-refining-toner
8,AVOSKIN Miraculous Refining Toner,4,pemakaian 2 kali seminggu  pemakain baru 1 bulan  efeknya untuk menghilangkan komedo belum kelihatan  tp sekilas setelah pemakaian malam  besok pagi wajah jadi cerah.,https://www.sociolla.com/toner/10422-miraculous-refining-toner
9,AVOSKIN Miraculous Refining Toner,3,kurang berpengaruh di aku. setelah pemakaian hampir sebulan  baunya juga kurang enak  dan untuk anti aging juga kurang efektif. mungkin butuh proses dan waktu yang agak lama,https://www.sociolla.com/toner/10422-miraculous-refining-toner
10,AVOSKIN Miraculous Refining Toner,3,produk ini memang kucoba karena penasaran tapi efek signifikan di aku. sayangnya malah kadang lebih cepet beruntusan. pas dipake agak perih aja tapi selebihnya gak begitu ngefek.,https://www.sociolla.com/toner/10422-miraculous-refining-toner
11,AVOSKIN YOUR SKIN BAE SERIES ByeAcne ByeBlackhead Salicylic Acid 2% + Zinc,4,jujur aku bucin bgt sm avoskin wkwk. dan pas tau dia ngeluarin serum ini lgsung auto beli karena sesuai sm kebutuhan kulitku! baru pake ini 2x tp hasilnya cukup memuaskan buat aku. dia memang gak terlalu meredam merah² kulitku tapi entah elus² pipis tbtb komedo rontok aja dengan sendirinya aku juga heran wkwk. dan juga jerawat yg mau² tumbuh alhamdulillah kempes. dan seperti nya aku akan cobain yg lainnya cmiw,https://www.sociolla.com/face-serum/52502-your-skin-bae-series-byeacne-byeblackhead-salicylic-acid-2-zinc
12,AVOSKIN YOUR SKIN BAE SERIES ByeAcne ByeBlackhead Salicylic Acid 2% + Zinc,5,muka aku waktu itu lagi breakout dan bertekstur banget  terus langsung cobain beli ini. teksturnya ringan banget  mirip air tapi ga secair air sih  cepet banget nyerep dan ga ada baunya. selain itu packagingnya aesthetic banget. setelah pemakaian 3 hari  jerawat aku yang gede banget kempes  muka jadi lebih halus  whiteheads juga hilang. buat yang punya masalah kulit berjerawat dan komedo cocok banget beli ini. harganya affordable pula  love banget deh this product. untuk blackheads aku belom tau  cuma tekstur di idung aku merasa sedikit lebih alus.,https://www.sociolla.com/face-serum/52502-your-skin-bae-series-byeacne-byeblackhead-salicylic-acid-2-zinc
13,AVOSKIN YOUR SKIN BAE SERIES ByeAcne ByeBlackhead Salicylic Acid 2% + Zinc,5,baru pertama kali pake produk ini  kebetulan lagi ada jerawat. efek yang kerasa agak kurang kemerahan dan mulai kempes. jerawat mulai kempes di hari ke 2 pemakaian.,https://www.sociolla.com/face-serum/52502-your-skin-bae-series-byeacne-byeblackhead-salicylic-acid-2-zinc
14,AVOSKIN YOUR SKIN BAE SERIES ByeAcne ByeBlackhead Salicylic Acid 2% + Zinc,2,Salah satu serum yang kayak gak nyerep di muka tapi juga buat muka kering banget  komedo di muka juga jadi meningkat dong malahan :( kurang suka juga sama bau nya  seperti bau lem.,https://www.sociolla.com/face-serum/52502-your-skin-bae-series-byeacne-byeblackhead-salicylic-acid-2-zinc
15,AVOSKIN YOUR SKIN BAE SERIES ByeAcne ByeBlackhead Salicylic Acid 2% + Zinc,3,Pemakaian rutin 2x sehari udah berjalan 2 bulan. Blackhead ga hilang  jerawat ga cepet mateng  malah bikin jerawat baru. Kayanya emg gacocok di kulitku. Jadi aku pake di area lain aja selain wajah.,https://www.sociolla.com/face-serum/52502-your-skin-bae-series-byeacne-byeblackhead-salicylic-acid-2-zinc
16,AVOSKIN YOUR SKIN BAE SERIES ByeAcne ByeBlackhead Salicylic Acid 2% + Zinc,3,Ga begitu efektif di kulit aku padahal lagi pas banget jerawatan. Tapi untuk bruntusan dalam pemakaian semalem ada efeknya. Texturenya bagus ga lengket. Cuma pipet dì packagingnya pendek banget. Susah buat ambil produk yang mau habis.,https://www.sociolla.com/face-serum/52502-your-skin-bae-series-byeacne-byeblackhead-salicylic-acid-2-zinc
17,AVOSKIN YOUR SKIN BAE SERIES ByeAcne ByeBlackhead Salicylic Acid 2% + Zinc,3,"Sayangnya produk ini ga cocok di aku mungkin karena kulit aku sensitif bgt malah bikin nambah brekout sayang banget masih banyak dan baru dipakai beberapa kali doang huhuuu sedih:""(",https://www.sociolla.com/face-serum/52502-your-skin-bae-series-byeacne-byeblackhead-salicylic-acid-2-zinc
18,AVOSKIN YOUR SKIN BAE SERIES ByeAcne ByeBlackhead Salicylic Acid 2% + Zinc,3,muka aku tuh banyak beruntusan dan kusam  dia ngebantu banget ngurangin beruntusan tapi kalo kusam dia belum yang ngurangin banget sih  kurang keliatan hasilnya  tapi buat ngurangin bruntusan ini oke bgtt,https://www.sociolla.com/face-serum/52502-your-skin-bae-series-byeacne-byeblackhead-salicylic-acid-2-zinc
19,AVOSKIN YOUR SKIN BAE SERIES ByeAcne ByeBlackhead Salicylic Acid 2% + Zinc,2,agak kurang cocok  setelah 3 hari penggunaan banyak muncul jerawat  texture lebih cair dari pada yg series niacimide  dan ada scentnya yang beda  tp mungkin tergantung ya,https://www.sociolla.com/face-serum/52502-your-skin-bae-series-byeacne-byeblackhead-salicylic-acid-2-zinc
20,AVOSKIN YOUR SKIN BAE SERIES ByeAcne ByeBlackhead Salicylic Acid 2% + Zinc,3,Ga cocok di aku  malah bikin jerawat gede2 meradang semua. Bener2 ancur deh mukanya pas pake ini. Untung waktu beli pas dapet harga discount  dan bener2 dipake ga sampe 10% nya kalii,https://www.sociolla.com/face-serum/52502-your-skin-bae-series-byeacne-byeblackhead-salicylic-acid-2-zinc
21,AVOSKIN Miraculous Acne Solution Spot Treatment,5,Beli ini karna udah gak meragukan lagi produk avoskin. Aku pake malem  paginya berasa lumayan mengering jerawatnya. Isinya warna kuning gitu. Baunya ada tapi ga menyengat dan ga mengganggu masih bisa ditoleransi,https://www.sociolla.com/acne-treatment-sealing-gel-cream/61373-miraculous-acne-solution-spot-treatment
22,AVOSKIN Miraculous Acne Solution Spot Treatment,3,aku kurang suka sama teksturnya yang rada cair jadi pas ditotolin di jerawat malah beleber  tapi poin plusnya totol jerawat ini dia ga bikin kulit kering sama sekali.,https://www.sociolla.com/acne-treatment-sealing-gel-cream/61373-miraculous-acne-solution-spot-treatment
23,AVOSKIN Miraculous Acne Solution Spot Treatment,3,sayang banget untuk acne spot treatment avoskin kurang cocok di wajah aku  setiap wajahkan beda2 jenis dan kecocokannya dan kali ini tidak. Dari sekian banyak products mereka  this product yg ga terlalu berpengaruh sama wajah aku. Malah serum untuk acne yg satu variant sama this spot treatment yang biasa aku pakein jadi spot treatment diwajah ini. Dan totally works for my skin. Jadi yang punya serum acne avoskin ini boleh banget cobain like what i did pake serumnya jadi spot acne  siapa tau membantu.,https://www.sociolla.com/acne-treatment-sealing-gel-cream/61373-miraculous-acne-solution-spot-treatment
24,AVOSKIN Miraculous Acne Solution Spot Treatment,4,Awalnya maju mundur mau beli ini karena kecil produknya dan mahal bgt utk acne spot. Tapi berhubung ada jerawat yg membandel jadi coba beli. Pas dicoba aku kombinasikan dgn pemakaian derma acne pada malam hari  besok paginya aku pake avoskin ini. Hasilnya luar biasa!!! Jerawat dlm 3 hari gone  bekas jerawatnya pun udh sangat memudar. Keren abis!!!,https://www.sociolla.com/acne-treatment-sealing-gel-cream/61373-miraculous-acne-solution-spot-treatment
25,AVOSKIN Miraculous Acne Solution Spot Treatment,2,Beli ini waktu kulit lagi oke banget kecuali buat 1 jerawat medium size jadi kayak greget bgt pengen cepet diilangin. Produknya banyak direkomendasiin dan harganya yang pricey bikin berekspektasi tinggi  tapi selama sekitar 2-3 minggu pemakaian gak begitu ngaruh di aku. Jerawat kempes dikit tapi isinya ga keluar dan setelah kempes itu  udah stop aja progressnya. Jadi jerawatnya stuck  berisi  gak kelar2. Saat diapply juga baunya menyengat jadi kurang...,https://www.sociolla.com/acne-treatment-sealing-gel-cream/61373-miraculous-acne-solution-spot-treatment
26,AVOSKIN Miraculous Acne Solution Spot Treatment,4,Pertama kali coba produk ini. Cukup efektif menghilangkan jerawat-jerawat di wajah yg sudah bikin gak betah banget. Walau gak instant hari ini pakai besok langsung hilang  tapi kelihatan progressnya 2-3 hari sudah berkurang karena sebelumnya jerawat di wajah cukup banyak dan mengganggu.,https://www.sociolla.com/acne-treatment-sealing-gel-cream/61373-miraculous-acne-solution-spot-treatment
27,AVOSKIN Miraculous Acne Solution Spot Treatment,5,si kecil yang luar biasa   ampuh banget untuk jerawat   kalau udah ada yang muncul  langsung kasih deh tuh si jerawat   buat kamu yg jerawatan sekali2 pun harus banget punya  karena secepat itu bikin jerawat kabuurr.,https://www.sociolla.com/acne-treatment-sealing-gel-cream/61373-miraculous-acne-solution-spot-treatment
28,AVOSKIN Miraculous Acne Solution Spot Treatment,5,Sangat bagus buat jerawat uda gunain lbh dari sebulan dan jerawar g muncul2 lagi..wajib punya utk obat totol nya ini buat jaga jaga ada jerawar meradang,https://www.sociolla.com/acne-treatment-sealing-gel-cream/61373-miraculous-acne-solution-spot-treatment
29,AVOSKIN Miraculous Retinol Ampoule,5,Setelah pemakaian kurleb 1bulanan  aku mau review retinol Ampoule dr Avoskin ini  untuk efeknya lumayan ya di muka aku jd lebih bersih aja dan kalau tumbuh jerawat aku coba malemnya pakein ini  paginya lumayan kempesan sih. Dipakai seminggu 2-3kali aja karna aku masih pemula. Mungkin untuk efek yg lebih lagi ya pemakaiannya harus lebih lama tp emg bagus semua si produk Avoskin,https://www.sociolla.com/treatment/24324-miraculous-retinol-ampoule
30,AVOSKIN Miraculous Retinol Ampoule,1,Sekali pakai langsung bikin jerawatan. Big no banget dengan harga segitu kirain bakal bagus dan melembabkan. Langsung dibuang sedobanget tapi yaudah deh daripada jerawatan.,https://www.sociolla.com/treatment/24324-miraculous-retinol-ampoule
31,AVOSKIN Miraculous Retinol Ampoule,2,Ngga cocok. Pakai semingguan langsung muncul jerawat kecil kecil di pipi. Sedih :( Teksturnya cair. Setelah dipakai dia buat kulit agak lengket. Dilengkapi pipet supaya isinya ttp steril. Sayang ngga cocok di aku,https://www.sociolla.com/treatment/24324-miraculous-retinol-ampoule
32,AVOSKIN Miraculous Retinol Ampoule,3,Pertamakali pakek skincare kandungan retinol pakek produk ini  teksturnya sedikit cair dan warna nya seperti susu  gak ada bau yang aneh  setelah pemakaian ini selama 1 hari wajah jadi kering banget  aku saranin pakek moisturaizer juga biar gak terlalu kering kulit  tapi setelah pemakaian 3 minggu di aku gak cocok  kulit jadi kering banget dan cenderung perih sampe jadi merah-merah kayak iritasi,https://www.sociolla.com/treatment/24324-miraculous-retinol-ampoule
33,AVOSKIN Miraculous Retinol Ampoule,3,Produk skincare lokal yang cakep banget  enggak bikin breakout dan lumayan ampuh buat ngurangin bekas jerawat lama  cuma memang perlu berminggu2 setelah pakai baru kelihatan efeknya. Tapi kalau keseringan pake agak bikin kering di kulit  atau memang begitu ya efek dari produk retinol?,https://www.sociolla.com/treatment/24324-miraculous-retinol-ampoule
34,AVOSKIN Miraculous Retinol Ampoule,4,Packagingnya lumayan sih cm ga ada penahannya di bagian tutup botol  tp masih aman ga tumpah2. Ga ada wangi apapun  teksturnya milky kyk susu. Pas diaplikasikan lengket bener tp untungnya cm bentaran. Ini dibarengin avoskin retinol toner kerjanya maksimal bener deh. Ga bikin kering jg kalau dibandingin retinol lain. Sebelumnya aku udah pernah pakai retinol 0.1 dan setelah pakai ini masih purging tp ga banyak dan ga parah jg (jerawat kecil2 yg cepet hilangnya). Hasilnya memang memuaskan bgt utk anti agingnya. Efek instannya  kulit berasa lebih lembab  plump  halus  kenyal  ga paham lg deh oke bgt. Utk menyamarkan kerutan  flek dan menghilangkan milia lumayan ngefek walaupun memang butuh waktu (penggunaan retinol mulai terlihat setelah 2 bln pemakaian). Jadi memang harus sabar dan rutin pakainya utk dapetin efek jangka panjangnya.,https://www.sociolla.com/treatment/24324-miraculous-retinol-ampoule
35,AVOSKIN Miraculous Retinol Ampoule,4,Pertama kali pake retinol ini  aku sempet break out sedikit karena gabiasa dengan bahan aktif. Tapi setelah kulit mulai terbiasa  pake ini jadi ampuh bangett  malah bikin beruntusan aku ilang dan rasanya mulus banget kayak kulit bayi! Best di mix sama avoskin hyacross jadi lebih enak kulitnya pas pagi2,https://www.sociolla.com/treatment/24324-miraculous-retinol-ampoule
36,AVOSKIN Miraculous Retinol Ampoule,4,Ini sudah sebulan pakai produk ini dan produk gentel lainnya  1 minggu pertama masih selang seling pemakiannya  krna adaptasi kulit dulu. 2 minggu mulai setiap hari dan keluar semua purging bhkan sampai seperti breakout  karna kandungan retinol yg bekerja. 3 minggu mulai berangsur baik dan bener” bkin kulit jadi mulus dan bekas jerawat mulai memudar. Suka bgt sma packaginya simple tpi elegan  texture creamy berwarna putih  aroma tidak menyengat,https://www.sociolla.com/treatment/24324-miraculous-retinol-ampoule
37,AVOSKIN YSB Glow Concentrate Treatment 1% Tranexamic Acid + Multi Probiome + Pineapple,2,packing ny sebenernya pke dn cantik  tekstur agak kentel dn agak lama meresap sperti moisturizer lainnya  hanya buat aku ga terlalu ngaruh  untk aku tipe kulit kombinasi plus sewaktu itu lg agak berjerawat gde di pipi kiri  maaf ya ga terlalu ngefek di akunya  dn menurutku malah bkin jerawatku makin merah sedkit ( meski ga extrem yah hasilny ) sorry ga terlalu cocok di aku  silakan jika yg kepo gmna produknya yah dicoba hehe,https://www.sociolla.com/face-cream-lotion/62677-ysb-glow-concentrate-treatment-1-tranexamic-acid-multi-probiome-pineapple
38,AVOSKIN Luminous Emulsion Night Cream,3,yg ini ngelembabin dan paginya jadi kayak basah lembab gituu sihh  oke. texturenya juga gampang di blend. cuman agak mehoong untuk sekecil ini. kalau rutin pakai tiap malem sekitar 2 bln lebih udh habiss,https://www.sociolla.com/face-cream-lotion/12049-avoskin-luminous-emulsion-night-cream
39,AVOSKIN Luminous Emulsion Night Cream,4,Pake ini diakibatkan karna salah beli harusnya beli yg brightening luminous eh malah kebeli ini pas dipake malah cocokan yg ini karna terasa bgt perbedaannya  pake malem paginya kulit kek baby skin aluuus bgt lembut  lembab  pokoknya kenyel enak bgt  trus muka jd ga kusam malah makin cling,https://www.sociolla.com/face-cream-lotion/12049-avoskin-luminous-emulsion-night-cream
40,AVOSKIN Luminous Emulsion Night Cream,3,Cocok untuk semua jenis kulit terutama untuk yg dry karena memang bikin kulit lembab dan tidak kusam. Packaging mewah dan simple  cuman memang ukuran nya kecil dengan harga segitu,https://www.sociolla.com/face-cream-lotion/12049-avoskin-luminous-emulsion-night-cream
41,AVOSKIN Luminous Emulsion Night Cream,3,Nyoba avoskin ini karna emang lagi punya masalah kulit rada kusam dan kering. Tapi di aku ga keliataan ada perubaha  kayaknya emang harus pake lama dulu kali yah,https://www.sociolla.com/face-cream-lotion/12049-avoskin-luminous-emulsion-night-cream
42,AVOSKIN Luminous Emulsion Night Cream,3,Sedih rasanya  karena ini produk Avoskin pertama yg kurang cocok di kulitku. Padahal PHTE dan facewashnya termasuk favorit. Tekstur cream ini thick banget  jadi kesannya berat kl dipakai dikulit oily. Setelah tiga hari pemakaian di wajahku muncul clogged pores. Padahal pemakaian awal sudah tidak dikombinasikan /dilayer dengan krim atau serum apapun. Trus dicoba pakainya tipisssss bangettt akhirnya berkurang clogged pores nya. Trus dicoba dilayer dengan serum sebelumnya  ehh muncul lagi clogged pores. Jadi akhirnya give up deh. Kemungkinan karena ada ingredients tertentu yg terlalu rich di kulitku atau bisa jadi karena terlalu thick. Sebenarnya hasil dipaginya tuh kulitnya terasa lembab. Sepertinya cocok utk yg kulitnya kering  dan mungkin pemakaiannya tipis2. Isinya sekitar 14gr  jadi mungil sih ya.,https://www.sociolla.com/face-cream-lotion/12049-avoskin-luminous-emulsion-night-cream
43,AVOSKIN Luminous Emulsion Night Cream,5,Teksturnya light creamy gitu  adem banget pas dioles ke kulit. Pas pertama kali oles  ninggalin kesan basah di permukaan kulit dikit. Basah ya  bukan oily. Tinggal nunggu beberapa detik  krimnya langsung bakalan nyerap ke kulit. Meninggalkan sensasi lembab  tapi nggak yang berminyak. Nyaman banget dipakai tidur semalaman.,https://www.sociolla.com/face-cream-lotion/12049-avoskin-luminous-emulsion-night-cream
44,AVOSKIN Luminous Emulsion Night Cream,3,Biasa aja. Gatau ya  mungkin karena banyak produk juga yg aku pake di malam hari salah satunya refining toner  refining serum  dan PHTE dan aku udah merasakan benefit dari ketiga produk tersebut. Ditambah night cream ini biasa aja sih kaya buat ngelembabin aja abis itu udah. Mana pula packagingnya ternyata kecil bgt wkwkwk tapi lama habisnya.(read less),https://www.sociolla.com/face-cream-lotion/12049-avoskin-luminous-emulsion-night-cream
45,AVOSKIN Luminous Emulsion Night Cream,4,awalnya pake setiap malem eh malah bruntusann akhirnya aku kurangi jadi 2 hari sekali nahh baru kerasa efeknya lumayan ngelembapin dan mencerahkan mukaa,https://www.sociolla.com/face-cream-lotion/12049-avoskin-luminous-emulsion-night-cream
46,AVOSKIN Luminous Emulsion Night Cream,3,Pertama kali cobain krim malam avoskin saat di apply dimuka lembut dan cepat meresap di kulit muka. Suka dengan baunya wangi. Esok paginya muka terasa cerah  kenyal  halus. Tapi sayang sekali packaging imut  isinya sedikit sekali. Harga lumayan mahal untuk kemasan isi 10 gram. Beli pas harga diskon heheeh,https://www.sociolla.com/face-cream-lotion/12049-avoskin-luminous-emulsion-night-cream
47,AVOSKIN Miraculous Divine Aura Essence-Toner X Paola Serena,5,AKU PAKE INI PLUS AMPOULNYA DAN NGARUH BANGET DI MUKA KU YG ACNE PRONE DAN BANYAK BEKAS. JERAWAT BERKURANG DAN BEKASNYA MEMUDAR  JUJUR BANGET KAGET TERNYATA SE AMPUH ITU  BENER BENER REAL HOLLY GRAIL DEH POKOKNYA PADAHAL BELUM ADA SEBULAN PEMAKAIAN :'),https://www.sociolla.com/essence/63914-miraculous-divine-aura-essence-toner-x-paola-serena
48,AVOSKIN Miraculous Divine Aura Essence-Toner X Paola Serena,4,gak tau udah botol ke berapa untuk essence atau toner ini yang aku habiskan dalam setahun. produk ini bener2 ngebantu aku untuk lepas dari cream dokter dan breakout yang serius dari desember 2021. setahun pakai ini dan gak pernah mau berpaling hati.,https://www.sociolla.com/essence/63914-miraculous-divine-aura-essence-toner-x-paola-serena
49,AVOSKIN Miraculous Divine Aura Essence-Toner X Paola Serena,4,Sama kaya serumnya kalo udh digabung ini berdua mantepppppppp. Secinta itu sama produk avoskin  dan ini salah satu terfav x nya bu paolaaaa luvvvvvvvv,https://www.sociolla.com/essence/63914-miraculous-divine-aura-essence-toner-x-paola-serena
50,AVOSKIN Intensive Divine Day Cream,2,is a big no no  gak intense malah buat muka jadi kering karena texturenya gak creamy dan gak watery. menurutku gak worth it untuk botol sekecil ini dengan harganya yang abit pricey.,https://www.sociolla.com/face-cream-lotion/12048-avoskin-intensive-divine-day-cream
51,AVOSKIN Intensive Divine Day Cream,2,Awalnya aku beli karena ingridients nya yang bagus. Boxnya super besar dan aku emang kurang teliti lihat beratnya. Waktu aku buka  wow i was very surprised that the size of the jar is vvvvv small:( Sangat kecil dan bahkan kemungkinan habis dalam sebulan (kalo ga hemat mungkin 2 minggu juga habis). I dont think this worth the price karna at least di aku tidak ada perubahan yang signifikan.,https://www.sociolla.com/face-cream-lotion/12048-avoskin-intensive-divine-day-cream
52,AVOSKIN Intensive Divine Day Cream,3,aku pake sekalian yg night juga  texturenya enak sih gampang nyerap tapi baru beberapa hari pemakaian di aku langsung beruntusan  jadi ga lanjut pemakaian lagi,https://www.sociolla.com/face-cream-lotion/12048-avoskin-intensive-divine-day-cream
53,AVOSKIN Intensive Divine Day Cream,3,Aku nyoba pake soalnya aku liat review orang pada bagus  tapi ternyata ga cocok di aku. Malah jadi breakout parah. Teksturnya padet banget  agak berat pas dipake. Mayan wangi si baunya. Packing nya lucu gitu  kecil.,https://www.sociolla.com/face-cream-lotion/12048-avoskin-intensive-divine-day-cream
54,AVOSKIN Intensive Divine Day Cream,3,Krim siang dengan tekstur yang sangat kental. Ini bikin krimnya jadi sulit diblend di muka aku meski udah pake essence dan serum. Bagusnya  krim ini ga bikin kulitku bereaksi aneh jadi aku lanjutin pake. Setelah pake krim ini  aku timpa lagi pake sunscreen karena krim ini ga mengandung sunscreen dan ini bikin aku harus sedia 2 produk yg mana kurang efektif karena butuh waktu lebih lama untuk pakai 2 produk jadinya. Ke depannya aku berencana abisin dulu terus cari krim lain yg lebih enak dipakai.,https://www.sociolla.com/face-cream-lotion/12048-avoskin-intensive-divine-day-cream
55,AVOSKIN Intensive Divine Day Cream,3,aku suka tekstur nya enak cepet meresap dan ngga buat muka berminyak ataupun kusam.Tapi aku kurang suka dengan kemasan nya lebih baik tupe aja daripada jar sih tapi gapapa kalo pake jar tapi ada spatulanya biar higenis.Packaging juga imut kecil dan warna hijo kaya avoskin.,https://www.sociolla.com/face-cream-lotion/12048-avoskin-intensive-divine-day-cream
56,AVOSKIN Intensive Divine Day Cream,4,teksturnya emang kaya berat gitu tapi pas di apply enak ko ga berat sama sekali cuman agak geser aja kalo langsung ditimpa skincare lain  bantu ngilangin bruntusan dan bekas jerawat cuman mesti sabaaarr of course,https://www.sociolla.com/face-cream-lotion/12048-avoskin-intensive-divine-day-cream
57,AVOSKIN Intensive Divine Day Cream,5,Avoskin intensive divine day cream ini bagus banget!! Avoskin emang selalu ngasih yang terbaik buat konsumennya  formulanya juara dan ga bikin kecewa kalo beli  cocok banget di kulitku,https://www.sociolla.com/face-cream-lotion/12048-avoskin-intensive-divine-day-cream
58,AVOSKIN Intensive Divine Day Cream,5,Suka banget sm semua rangkaian avoskin  aku pakai ini udah lumayan lama  dan hasilnya wajah gak terlalu oily di siang hari karena tipe kulitku yg berminyak...,https://www.sociolla.com/face-cream-lotion/12048-avoskin-intensive-divine-day-cream
59,AVOSKIN YOUR SKIN BAE SERIES Collagen 10% + Gingseng Root,1,Pas dateng dikecewain karena sociola ngasih barang yang segel kardusnya sudah terbuka. Pas dipake  serum ini bikin kulit aku ketarik kenceng banget (aku gatau ini positif atau negatif). Aku pake serum ini pertama kali pas malem hari  sayang sekali pas paginya kulit aku bruntusan parah dan banyak jerawat batu besar. Paginya aku cobain lagi  tapi jerawat aku malah makin parah. Akhirnya aku putusin untuk stop pake produk ini karena trauma jerawatan. Note: skin type aku acne prone cenderung sensitif,https://www.sociolla.com/face-serum/52508-your-skin-bae-series-collagen-10-gingseng-root
60,AVOSKIN YOUR SKIN BAE SERIES Collagen 10% + Gingseng Root,1,okelah tapi di mukaku ga ada effect apa apa jadi kek agak males juga buat abisin  harga worth it lah untuk serum 30 ml tekturnya ku kuranh suka karena kentel bangetbjadi kalo pake kebanyakan dikit lgsg lengket hehe,https://www.sociolla.com/face-serum/52508-your-skin-bae-series-collagen-10-gingseng-root
61,AVOSKIN YOUR SKIN BAE SERIES Collagen 10% + Gingseng Root,2,Aku pakai ini 8 bulan lebih sedikit. Kecewa banget. Teksturnya ga nyaman buat aku. Setelah dioles ke wajah  selalu terasa kasar banget diwajahku. Keringnya cukup lama dan efek keringnya jadi lengket diwajah. Untuk hasilnya diaku ga oke selama 8 bulan. Menyerah pakai ini setelah 8 bulan  too bad!,https://www.sociolla.com/face-serum/52508-your-skin-bae-series-collagen-10-gingseng-root
62,AVOSKIN YOUR SKIN BAE SERIES Collagen 10% + Gingseng Root,2,Aku ga cocok pake serum ini  stelah pake serum ini di malam hari besok paginya kulit bnr2 berminyakk banget  stelah beberapa hari pemakaian juga numbuh jerawat + bruntusan :(,https://www.sociolla.com/face-serum/52508-your-skin-bae-series-collagen-10-gingseng-root
63,AVOSKIN YOUR SKIN BAE SERIES Collagen 10% + Gingseng Root,2,Pakai blm ada perubahan. Biasa aja malahan jerawat aku makin banyak gak tahu apakah cocok atau tidak Tapi kalau produk yang lain aku cocok kalau ini aku gak cocok,https://www.sociolla.com/face-serum/52508-your-skin-bae-series-collagen-10-gingseng-root
64,AVOSKIN YOUR SKIN BAE SERIES Collagen 10% + Gingseng Root,3,Belum terlalu kelihatan yg katanya memperbaiki terkstur kulit  teksturnya juga lengket sekali. Di tangan jadi lengket betul pas apply cuman dengan harga ya pas lah,https://www.sociolla.com/face-serum/52508-your-skin-bae-series-collagen-10-gingseng-root
65,AVOSKIN YOUR SKIN BAE SERIES Collagen 10% + Gingseng Root,3,antara suka dan gak suka sih sama serumnya. suka karna dimuka enak banget kalo abis pake ini  jadi kenyel2  gasukanya dia gak bisa di layer sama produk lain  skincare atau makeup langsung deh jadi butir2 di muka  jadi aku gak pernah pake ini pagi2  dan malem2 pun aku pakenya setelah pelembab dan ditepuk pelan2,https://www.sociolla.com/face-serum/52508-your-skin-bae-series-collagen-10-gingseng-root
66,AVOSKIN YOUR SKIN BAE SERIES Collagen 10% + Gingseng Root,5,Setelah hampir sebulan make ini  yg aku rasain bener2 bikin muka jadi plumpy dan lebih kenceng ngga kendor. Trus tekstur muka juga ada perbaikan  untuk bekas jerawat merah sedikit memudar tpi belum terlalu keliatan. Teksturnya thick bgt tpi pas diaplikasikan ke muka jd langsung cair gitu. Baunya agak aneh ya kaya bau lem,https://www.sociolla.com/face-serum/52508-your-skin-bae-series-collagen-10-gingseng-root
67,AVOSKIN YOUR SKIN BAE SERIES Collagen 10% + Gingseng Root,5,dari lama udh mau coba serum ini karena klaimnya yang mengatasi tekstur wajah  aku suka banget pake ini dicombo sama refining tonernya lgsg glowing dan berutusan hempas. kalo segi harga menurut aku worth to buy produk avoskin gapernah gagal sih,https://www.sociolla.com/face-serum/52508-your-skin-bae-series-collagen-10-gingseng-root
68,AVOSKIN YOUR SKIN BAE SERIES Collagen 10% + Gingseng Root,5,Cari serum yang bumil busui friendly. Trus tanya sama admin avoskin di akin official sebuah marketplace  katanya serum ini bisa utk bumil dan busui. Ternyata suka banget! Pertama pake dia bisa menggagalkan calon jerawat yg udah agak merah. Bisa dipake pagi atau malam. Bekas jerawat kerasa memudar. Tekstur kulit rasanya membaik. Definitely repurchase!,https://www.sociolla.com/face-serum/52508-your-skin-bae-series-collagen-10-gingseng-root
69,AVOSKIN YSB Glow Concentrate Treatment Polypeptide + Multi Probiome + Acetyl Glucosamine + Red Algae,2,gel ny keluar dr tmptnya yg mungil.. pas dibuka tumpah krn licin.... unhappy ... wajah aman  tp krn tumpah jd cepet abis deh. oiya pake spatula nya ribet krn kekecilan. saran beli yang pump aja deh packagingnya.hygen dan no licin2.,https://www.sociolla.com/face-cream-lotion/62680-ysb-glow-concentrate-treatment-polypeptide-multi-probiome-acetyl-glucosamine-red-algae
70,AVOSKIN YSB Glow Concentrate Treatment Polypeptide + Multi Probiome + Acetyl Glucosamine + Red Algae,3,So far aku pake ini kurang suka karena di muka jadi lengket gitu tp untuk kelembaban sebenernya oke! Dan untuk packaging tolong bgt di buat tube ya gampang bocor soalnya kalau pakai jar,https://www.sociolla.com/face-cream-lotion/62680-ysb-glow-concentrate-treatment-polypeptide-multi-probiome-acetyl-glucosamine-red-algae
71,AVOSKIN YSB Glow Concentrate Treatment Polypeptide + Multi Probiome + Acetyl Glucosamine + Red Algae,3,Texture nya lumayan. Tapi agak terlalu lembab. Tempatnya kurang compact ya. Jadi berasa menuh-menuhi tempat. Wanginya saya kurang cocok. Jadi mungkin next time gak beli lagi,https://www.sociolla.com/face-cream-lotion/62680-ysb-glow-concentrate-treatment-polypeptide-multi-probiome-acetyl-glucosamine-red-algae
72,AVOSKIN YSB Glow Concentrate Treatment Polypeptide + Multi Probiome + Acetyl Glucosamine + Red Algae,3,ini melembabkan sekali tp tanpa bikin muka keliatan basah becek yah . blm terlihat efek apa apa yah  tp untuk segi daya serap dan melembakan ini toppppp.,https://www.sociolla.com/face-cream-lotion/62680-ysb-glow-concentrate-treatment-polypeptide-multi-probiome-acetyl-glucosamine-red-algae
73,AVOSKIN YSB Glow Concentrate Treatment Polypeptide + Multi Probiome + Acetyl Glucosamine + Red Algae,4,Di kulit aku jadi sangat moist dan jatuhnya setelah bbrp jam jadi terasa dan terlihat berminyak. Kurang suka dengan kemasan yang ini  krn rentan kotor. Harganya termasuk mahal,https://www.sociolla.com/face-cream-lotion/62680-ysb-glow-concentrate-treatment-polypeptide-multi-probiome-acetyl-glucosamine-red-algae
74,AVOSKIN YSB Glow Concentrate Treatment Polypeptide + Multi Probiome + Acetyl Glucosamine + Red Algae,4,teksturnya gel yang gampang diambil dengan packaging pump dan ada tutup lagi jd lebih hygiene kemasan terlalu besar karena hanya tersedia dalam full size  aku pake buat AM routine sblm pake sunscreen so far hasilnya bikin muka jadi lebih lembab fs dan lembut  harga normal a bit pricey but still worth buying  semoga nantinya avo ngeluarin travel size atau mini tube gitu biar bisa dijadiin tester juga sebelum up ke full size.,https://www.sociolla.com/face-cream-lotion/62680-ysb-glow-concentrate-treatment-polypeptide-multi-probiome-acetyl-glucosamine-red-algae
75,AVOSKIN YSB Glow Concentrate Treatment Polypeptide + Multi Probiome + Acetyl Glucosamine + Red Algae,4,Dikasih segini bintangnya karna emang akunya user avoskin udah dari lama  dan kebetulan baru coba varian yang ini jadi belum begitu kerasa efektivitasnya,https://www.sociolla.com/face-cream-lotion/62680-ysb-glow-concentrate-treatment-polypeptide-multi-probiome-acetyl-glucosamine-red-algae
76,AVOSKIN YOUR SKIN BAE SERIES Ultimate Hyaluron HYACROSS 3% + Green Tea,3,hmmm too much peelingnya sih  sayang bgttt. Kalo dipakai apalagi pagi hari dan pakai bedak  pasti peeling sih  padahal punya ekspetasi tinggi sama nih serum,https://www.sociolla.com/face-serum/52507-your-skin-bae-series-ultimate-hyaluron-hyacross-3-green-tea
77,AVOSKIN YOUR SKIN BAE SERIES Ultimate Hyaluron HYACROSS 3% + Green Tea,4,avoskin ysb sbnrnya udh jd wishlist aku bgt drdl krn warna packagingnya yg gemes. packagingnya pun terbuat dari kaca yg agak bulky dan transparan. teksturnya kental  tidak berwarna  tidak lengket  dan fragrance free. krn teksturnya yg kental serum ini butuh bbrp menit utk menyerap. jujur pas pertama kali pake ini sempet panik krn pas bgn tdr kulit wajah aku yg kering jd kasar dan serumnya pada pilling jd akhirnya aku pake dikit2 secara berangsur ternyata melembabkan dan mengencangkan jg. recommended for daily use pagi dan malam kalo emg mau menghidrasinya terasa lbh mantep. agak love hate gt sm produk ini krn pipetnya terkadang ga bnr-bnr menyedot si serumnya dan krg suka jg sm teksturnya yg kental krn bikin gampang pilling semoga formulanya nanti bisa lbh baik lg.,https://www.sociolla.com/face-serum/52507-your-skin-bae-series-ultimate-hyaluron-hyacross-3-green-tea
78,AVOSKIN YOUR SKIN BAE SERIES Ultimate Hyaluron HYACROSS 3% + Green Tea,3,udah 3 bulan pake tapi merasa gak banyak perubahan sih… melembabkan nya oke waktu dipake karna texturenya dia kentel banget  tapi kalo buat ngatasin kulit kering it’s a no for me :(,https://www.sociolla.com/face-serum/52507-your-skin-bae-series-ultimate-hyaluron-hyacross-3-green-tea
79,AVOSKIN YOUR SKIN BAE SERIES Ultimate Hyaluron HYACROSS 3% + Green Tea,3,Tekstur serum nya agak kental  bau nya gaada. Tapi butuh waktu buat nyerep. Ada efek lengket setelah dipake. Sejauh ini efek nya di aku ngelembab in aja.,https://www.sociolla.com/face-serum/52507-your-skin-bae-series-ultimate-hyaluron-hyacross-3-green-tea
80,AVOSKIN YOUR SKIN BAE SERIES Ultimate Hyaluron HYACROSS 3% + Green Tea,3,Bagus bgs aja sih,https://www.sociolla.com/face-serum/52507-your-skin-bae-series-ultimate-hyaluron-hyacross-3-green-tea
81,AVOSKIN YOUR SKIN BAE SERIES Ultimate Hyaluron HYACROSS 3% + Green Tea,3,tidak cocok kayaknya.. kering muka  mulai bertekstur mukanya.. diberhentiin  pakai green tea imfrom aja sama benton green tea  balik normal lagi deh..,https://www.sociolla.com/face-serum/52507-your-skin-bae-series-ultimate-hyaluron-hyacross-3-green-tea
82,AVOSKIN YOUR SKIN BAE SERIES Ultimate Hyaluron HYACROSS 3% + Green Tea,3,aku tipe kulit yang kering di area pipi  dan pake ini rasanya ga terlalu ngefek  ga terasa plumped and hydrated. texturenya kental tapi ga lengket di wajah  sayangnya aja ga ngefek di aku,https://www.sociolla.com/face-serum/52507-your-skin-bae-series-ultimate-hyaluron-hyacross-3-green-tea
83,AVOSKIN YOUR SKIN BAE SERIES Ultimate Hyaluron HYACROSS 3% + Green Tea,3,Teksturnya rada kental ya padahalkan serum namanya  knp gak dinamain ampoule aja? Pas pke ini muka aku jadi lebih lembab dan yang aku gak suka ya itu rada kental teksturnya,https://www.sociolla.com/face-serum/52507-your-skin-bae-series-ultimate-hyaluron-hyacross-3-green-tea
84,AVOSKIN YOUR SKIN BAE SERIES Ultimate Hyaluron HYACROSS 3% + Green Tea,3,enak si abis pakai ini kulit jadi lembut dan kenyal tapi setelah beberapa saat sekitaran mulut itu kering aku gatau ini efek dari pemakaian ini atau emang kulit ku lagi kering sejauh ini belum ada efek yang signfikan si,https://www.sociolla.com/face-serum/52507-your-skin-bae-series-ultimate-hyaluron-hyacross-3-green-tea
85,AVOSKIN The Great Shield Sun-Essence SPF 50 PA++++,3,Gak tau kenapa ini dikulitku bikin perih kalo dipakai  untung cuma beli sample size. Teksturnya agak berat juga sih menurutku jadi lumayan lama meresap ke kulit.,https://www.sociolla.com/sunscreen/71252-the-great-shield-sun-essence-spf-50-pa
86,AVOSKIN The Great Shield Sun-Essence SPF 50 PA++++,4,cocok untuk aaya yang memiliki tipe kulit berminyak. setelah dipakai agak lama tidak begitu membuat wajah berminyak. sejauh ini saya suka. ya agak mahal aja si,https://www.sociolla.com/sunscreen/71252-the-great-shield-sun-essence-spf-50-pa
87,AVOSKIN The Great Shield Sun-Essence SPF 50 PA++++,5,Teksturnya enak  ga bikin white cast. Beli travel size dulu buat nyoba  ternyata cukup nyaman. Cuman  harganya terlalu tinggi untuk anak saya yang masih mahasiswa.,https://www.sociolla.com/sunscreen/71252-the-great-shield-sun-essence-spf-50-pa
88,AVOSKIN The Great Shield Sun-Essence SPF 50 PA++++,4,coba beli yang travel size dulu soalnya masih cari yang cocok buat kulit aku. semoga cocok baru deh nanti beli yang medium nya. harga juga tidak terlalu mahal,https://www.sociolla.com/sunscreen/71252-the-great-shield-sun-essence-spf-50-pa
89,AVOSKIN The Great Shield Sun-Essence SPF 50 PA++++,5,Bagus bangett  cepet nyerap ke kulit  ga whitecast  gampang diblend  ringann dan ga lengket gitu. Aman banget diwajah aku  perlindungannya cukup oke deh pokoknya,https://www.sociolla.com/sunscreen/71252-the-great-shield-sun-essence-spf-50-pa
90,AVOSKIN Miraculous Dark Spots Solution Active-Serum Infused Cleanser,3,Kurang cocok di aku sih dia buat kulit aku bruntusan  walaupun aku sangat berharap dia bisa menyamarkan bekas bekas jerawat aku jarena ada active-serumnya aku sangat cocok pake serum avoskin fapi mungkin untuk cleasernya belum bisa diterima kulit deh. Aku cuma pake ini 3x sekarang masih seperti utuh,https://www.sociolla.com/face-wash/70583-miraculous-dark-spots-solution-active-serum-infused-cleanser
91,AVOSKIN Miraculous Dark Spots Solution Active-Serum Infused Cleanser,3,beli ini karena kepo sm claimnya yg bisa menghilangkan dark spot. walaupun belom keliatan hasilnya setelah pemakaian tp ttp suka dgn warna packaging dan tekstur cleanser ini. dan yg terpenting abis cuci mulka ngga bikan ketarik hehehe,https://www.sociolla.com/face-wash/70583-miraculous-dark-spots-solution-active-serum-infused-cleanser
92,AVOSKIN Miraculous Dark Spots Solution Active-Serum Infused Cleanser,4,Sama seperti sabun cuci muka pada umum nya untuk efek membantu dark spot nyaaa lebih terlihat di serum nyaa   sabun nya digunakan tidak terasa ketarik tetep gentle,https://www.sociolla.com/face-wash/70583-miraculous-dark-spots-solution-active-serum-infused-cleanser
93,AVOSKIN Miraculous Dark Spots Solution Active-Serum Infused Cleanser,5,Tektur cair  pakai sedikit juga sudah berbusa. Kalau dipakai ringan banget  harganya juga lumayan. Dibarengin pakai cream dari avoskin juga jadi lebih efektif setelah aku pakai 3 bulan,https://www.sociolla.com/face-wash/70583-miraculous-dark-spots-solution-active-serum-infused-cleanser
94,AVOSKIN Miraculous Dark Spots Solution Active-Serum Infused Cleanser,5,"avoskin emang juara bikin skincare yang nampol di wajah   teksturnya enak habis dipake cuci muka  muka ga ketarik ga bikin kering dan dia bs ngangkat residu yang tebel habis pake bb cream atau milk cleanser yang ""berat""   hasil pemakaian lebih dr sebulan dark spot bekas jerawat mudar",https://www.sociolla.com/face-wash/70583-miraculous-dark-spots-solution-active-serum-infused-cleanser
95,AVOSKIN Your Skin Bae Serum YSB Azeclair 10% + Niacinamide 2 5% + Kombucha Vaccine Serum,2,Aku beli ini karena salah pencet product tapi karena sayang udah sampe rumah yaudah aku pake dan serumnya ga ngefek apa apa sih di wajah aku aku pake setiap hari tapi ga ada efeknya entah aku yang salah makan atau muka aku badak hahaa,https://www.sociolla.com/face-serum/56042-your-skin-bae-serum-ysb-azeclair-10-niacinamide-2-5-kombucha-vaccine-serum
96,AVOSKIN Your Skin Bae Serum YSB Azeclair 10% + Niacinamide 2 5% + Kombucha Vaccine Serum,2,Sedih banget awalnya sih emang salah beli ya dan berharap cocok cocok aja gitu eh ternyata engga dong engga cocok sama sekali di aku. Bikin whitehead yang langsung mateng gitu kecil kecil di area dagu sama hidung huhuhu,https://www.sociolla.com/face-serum/56042-your-skin-bae-serum-ysb-azeclair-10-niacinamide-2-5-kombucha-vaccine-serum
97,AVOSKIN Your Skin Bae Serum YSB Azeclair 10% + Niacinamide 2 5% + Kombucha Vaccine Serum,3,aku langsung beli ini pas launching! jadi udah nyobain hampir beberapa bulan yang lalu.. tapi aku nggak bisa recommend ini karena entah mengapa dia tidak cocok :( setelah hampir seminggu pemakaian  aku pakai selang seling sehari pakai sehari tidak (ini cara ku masukin skincare baru ke dalam rangkaian skincare ku) dia bikin kulit wajah ku beruntusan di area dahi  dimana kalo ada beruntusan muncul di area ini tandanya aku nggak cocok. ditambah lagi setiap kali pake muncul 1 jerawat  begitu sadar kalo aku ga cocok aku langsung stop. not knowing exactly kenapa gacocok  apakah gacocok sama kandungannya  atau dia berantem sama kandungan skincare aku yang lainnya. wanginya rada-rada nggak enak yaa hehehe tapi teksturnya oke banget! dia tipe watery gel yang sangat amat cepat menyerap! mau skincare kamu sebasah apapun kalo setelahnya pake serum ini langsung menyerap kedalam kulit rasanya  bikin nggak terlalu basah jadi nggak nempel dehh di bantal. OIYA packagingnya sihh juara banget!! simple sleek  cheeky  good materials  terlihat mahal!! pokoknya definisi pengen koleksi semuanya!!!,https://www.sociolla.com/face-serum/56042-your-skin-bae-serum-ysb-azeclair-10-niacinamide-2-5-kombucha-vaccine-serum
98,AVOSKIN Your Skin Bae Serum YSB Azeclair 10% + Niacinamide 2 5% + Kombucha Vaccine Serum,4,Buat kalian yang mau beli produk ini  jangan melakukan kesalahan kaya aku  jadi ini cocok untuk yang mau eksfoliasi. Kaya mending kalian bener2 cari tau dulu kegunaannya.,https://www.sociolla.com/face-serum/56042-your-skin-bae-serum-ysb-azeclair-10-niacinamide-2-5-kombucha-vaccine-serum
99,AVOSKIN Your Skin Bae Serum YSB Azeclair 10% + Niacinamide 2 5% + Kombucha Vaccine Serum,3,Lucuu banget packagingnya super gemes  diaplikasiin ke muka cuma sedikit tapi bisa buat full semuka dan pasti bakal awet. Agak oily dimukaku yg cenderung berminyak juga jadi pas dipakein itu agak berminyak.,https://www.sociolla.com/face-serum/56042-your-skin-bae-serum-ysb-azeclair-10-niacinamide-2-5-kombucha-vaccine-serum
100,AVOSKIN Your Skin Bae Serum YSB Azeclair 10% + Niacinamide 2 5% + Kombucha Vaccine Serum,3,Packagingnya bagus banget sih  very aesthetic. Packagingnya aman banget  texturenya thick tapi cepet meresap ke kulit dan paling kusuka non scented sihh paling penting,https://www.sociolla.com/face-serum/56042-your-skin-bae-serum-ysb-azeclair-10-niacinamide-2-5-kombucha-vaccine-serum
101,AVOSKIN Your Skin Bae Serum YSB Azeclair 10% + Niacinamide 2 5% + Kombucha Vaccine Serum,3,skrg hobi beli produk exfoliasi krn cepet bgt hilangi bekas jerawat kusam   kulitku berminyak tapi dehidrasi jadi kadang kerasa kering wajahku terus coba toner exfoliasi lama proses nya  baru sehari aja pake serum avoskin ini lgsg lembut dan lembab  kenyall pisan dan bikin fresh Di pagi hari,https://www.sociolla.com/face-serum/56042-your-skin-bae-serum-ysb-azeclair-10-niacinamide-2-5-kombucha-vaccine-serum
102,AVOSKIN Your Skin Bae Serum YSB Azeclair 10% + Niacinamide 2 5% + Kombucha Vaccine Serum,3,jujur tertarik coba ini karena pada bilang avoskin yourskinbae bagus. dan ada yg varian azeclair untuk meredakan PIE dan PIH. untuk efektivitas nya sih oke yah azeclair ini untuk bekas jerawat. tapi sayang banget loh teksturnya kenapa gini  water gel  tapi lengket banget di kulit  kayak snail essence gitu masa. gak bisa ngeresap dengan baik juga di kulit  lepek greasy banget rasanya. udah di tunggu set 2-3 menit baru apply moisturizer  kayak meleleh lagi ini serum gitu berasanya. jujur dia mudarin bekas jerawat  tapi karena teksturnya kayaknya bikin breakout  numbuh terus jerawat baru. yaowo gimana mau mudarin bekas jerawat kalau dia numbuhin jerawat baru terus  kagak glowing glowing ni muka. akhirnya cobain juga yg mugwort  sama aja bahkan teksturnya lebih aneh lengket kayak lem. dan yg mugwort ngilangin redness juga sama deh efektif gitu  tapi sungguh bikin breakout parah banget nget nget. tolong avoskin kusuka efektivitas yourskinbae  tapi improve teksturnya  karena pengen pake jujur tapi gak bisa lepek demek kulit muka jadinya breakout. udah nyoba lumayan lama berharap akan cocok. gak kuat muka breakout terparah sepanjang masa. mutusin buat lepas serum 2 ini  akhirnya kembali glowing kulit.,https://www.sociolla.com/face-serum/56042-your-skin-bae-serum-ysb-azeclair-10-niacinamide-2-5-kombucha-vaccine-serum
103,AVOSKIN Your Skin Bae Serum YSB Azeclair 10% + Niacinamide 2 5% + Kombucha Vaccine Serum,4,dari tekturnya avoskin ini kental gitu jadi mudah nyerap  tapi waktu awal awal make rada keganggu sama bau nya  avoskin ini efektif banget ngilangin beruntusan sama bekas jerawat. aku udh repurchase 2 kali,https://www.sociolla.com/face-serum/56042-your-skin-bae-serum-ysb-azeclair-10-niacinamide-2-5-kombucha-vaccine-serum
104,AVOSKIN Your Skin Bae Serum YSB Azeclair 10% + Niacinamide 2 5% + Kombucha Vaccine Serum,3,hampir satu botol pakai efeknya bikin on off jerawat di aku. teksturnya kental tapi cepat kering  pakai 2 tetes aja cukup untuk satu wajah bisa merata.,https://www.sociolla.com/face-serum/56042-your-skin-bae-serum-ysb-azeclair-10-niacinamide-2-5-kombucha-vaccine-serum
105,AVOSKIN Your Skin Bae Serum YSB Azeclair 10% + Niacinamide 2 5% + Kombucha Vaccine Serum,4,Teksturnya kental jadi ga boros kalo dipake  wanginya juga enak si dan melembabkan banget. Pengamalan yang luar biasa karna salah satu produk buatan dalam negeri yang bagus banget.,https://www.sociolla.com/face-serum/56042-your-skin-bae-serum-ysb-azeclair-10-niacinamide-2-5-kombucha-vaccine-serum
106,AVOSKIN Your Skin Bae Serum YSB Azeclair 10% + Niacinamide 2 5% + Kombucha Vaccine Serum,3,Sadly  aku kurang cocok :( karena baru pake 1x langsung gatel dan kemerahan mungkin karena kulit aku sensitif  aku mau pl.. yg minat bisa kontak aku di 081310940239 ya :),https://www.sociolla.com/face-serum/56042-your-skin-bae-serum-ysb-azeclair-10-niacinamide-2-5-kombucha-vaccine-serum
107,AVOSKIN Your Skin Bae Serum YSB Azeclair 10% + Niacinamide 2 5% + Kombucha Vaccine Serum,3,kalau di kulit saya serum ini kurang cocok dan saya tidak merasakan perubahanny  teksturnya cukup lengket. kayanya saya kurang cocok dgn produk avoskin karna udah pernah beberapa kali coba berbagai produk tp sama aja:(,https://www.sociolla.com/face-serum/56042-your-skin-bae-serum-ysb-azeclair-10-niacinamide-2-5-kombucha-vaccine-serum
108,AVOSKIN Your Skin Bae Serum YSB Azeclair 10% + Niacinamide 2 5% + Kombucha Vaccine Serum,3,tidak cocok kayaknya.. kering muka  mulai bertekstur mukanya.. diberhentiin  pakai green tea imfrom aja sama benton green tea  balik normal lagi deh..,https://www.sociolla.com/face-serum/56042-your-skin-bae-serum-ysb-azeclair-10-niacinamide-2-5-kombucha-vaccine-serum
109,AVOSKIN Your Skin Bae Serum YSB Azeclair 10% + Niacinamide 2 5% + Kombucha Vaccine Serum,3,Baru coba pake beberapa kali karna lagi sering jerawatan  jadinya jarang ke pake .. hope it will works well !,https://www.sociolla.com/face-serum/56042-your-skin-bae-serum-ysb-azeclair-10-niacinamide-2-5-kombucha-vaccine-serum
110,AVOSKIN Your Skin Bae Serum YSB Azeclair 10% + Niacinamide 2 5% + Kombucha Vaccine Serum,3,jadi awal beli karna iseng mau nyoba series barunya avoskin  tapi sayangnya gada perubahan yang keliatan gitu  texturenya lumayan kental  terus dipakenya malem aja,https://www.sociolla.com/face-serum/56042-your-skin-bae-serum-ysb-azeclair-10-niacinamide-2-5-kombucha-vaccine-serum
111,AVOSKIN Your Skin Bae Serum YSB Azeclair 10% + Niacinamide 2 5% + Kombucha Vaccine Serum,3,gatau knp menurutku ini lengket bgt di kulit rasanya beratt bgt di muka tapi awet sih trs juga belum ada efek apa apa sih di kulit aku idk why malah jd bruntusan,https://www.sociolla.com/face-serum/56042-your-skin-bae-serum-ysb-azeclair-10-niacinamide-2-5-kombucha-vaccine-serum
112,AVOSKIN Your Skin Bae Serum YSB Azeclair 10% + Niacinamide 2 5% + Kombucha Vaccine Serum,3,Udah hampir 3bulan pake azeclair ini. Kadang suka dikombinasi sama YSB alpha arbutin dan niacin. Entah deh apa aku salah combine  tp varian ini memang cuma ngelembabin. Selebihnya b aja. Jadi pingin coba varian ysb yg lain,https://www.sociolla.com/face-serum/56042-your-skin-bae-serum-ysb-azeclair-10-niacinamide-2-5-kombucha-vaccine-serum
113,AVOSKIN Your Skin Bae Serum YSB Azeclair 10% + Niacinamide 2 5% + Kombucha Vaccine Serum,3,dua bulan pke ini  sbnernya tdk ada perubahan yg signifikan  tpi paginya lumayan bikin halus wajah  tpi blum bisa mengurangi komedo dan jerawat beruntusan. tpi bersyukurnya tdk ada keluhan apapun stlh pke ini rutin. tpi gemes aja blum ada perubahan  kyknya hrs gnti serum atau di barengin dengan serum avoskin yg lain biar lbh mantul. oh iya btw ini serum exfo yaa tpi mild,https://www.sociolla.com/face-serum/56042-your-skin-bae-serum-ysb-azeclair-10-niacinamide-2-5-kombucha-vaccine-serum
114,AVOSKIN Your Skin Bae Serum YSB Azeclair 10% + Niacinamide 2 5% + Kombucha Vaccine Serum,3,Produk tidak menimbulkan efek yang signifikan  tetapi harga yang lumayan  dan teksturnya yang sedikit cair  tetapi packaging lumayan rapih. tetapi worth to buy,https://www.sociolla.com/face-serum/56042-your-skin-bae-serum-ysb-azeclair-10-niacinamide-2-5-kombucha-vaccine-serum
115,AVOSKIN Your Skin Bae Serum YSB Azeclair 10% + Niacinamide 2 5% + Kombucha Vaccine Serum,3,Selama aku pake produk ini ga begitu keliatan ya memudarkan jerawatnya. But  produk ini mampu mengurangi pertumbuhan jerawat di mukaku. Kalo dilihat dari teksturnya  yes ini kentel gitu jadi harus didiemin beberapa detik biar menyerap dan bisa next ke step selanjutnya.,https://www.sociolla.com/face-serum/56042-your-skin-bae-serum-ysb-azeclair-10-niacinamide-2-5-kombucha-vaccine-serum
116,AVOSKIN Your Skin Bae Serum YSB Azeclair 10% + Niacinamide 2 5% + Kombucha Vaccine Serum,3,teksturnya kental namun sangat mudah diaplikasikan di kulit dan mudah menyerap. pemakaian di malam hari hampir satu bulan pemakaian jerawat pie mulai menghilang.,https://www.sociolla.com/face-serum/56042-your-skin-bae-serum-ysb-azeclair-10-niacinamide-2-5-kombucha-vaccine-serum
117,AVOSKIN Your Skin Bae Serum YSB Azeclair 10% + Niacinamide 2 5% + Kombucha Vaccine Serum,3,di aku sih ga ngaruhh. malah bikin jerawat aku makin ngeradang gt gatau kenapaaa. cuma di adek aku ngaruh bgt buat ilangin bekas jerawat sama ngecerahin sm perbaikin teksturr gituu.,https://www.sociolla.com/face-serum/56042-your-skin-bae-serum-ysb-azeclair-10-niacinamide-2-5-kombucha-vaccine-serum
118,AVOSKIN Your Skin Bae Serum YSB Azeclair 10% + Niacinamide 2 5% + Kombucha Vaccine Serum,3,teksturnya lumayan thick jadi perlu waktu buat menunggu meresap  di aku lumayan banget buat menghilangkan bekas jerawat dan lumayan banget melembab kan gak buat wajah kering atau gak cocok  packaging nya lucu gemes banget  worth it sih,https://www.sociolla.com/face-serum/56042-your-skin-bae-serum-ysb-azeclair-10-niacinamide-2-5-kombucha-vaccine-serum
119,AVOSKIN Your Skin Bae Serum YSB Azeclair 10% + Niacinamide 2 5% + Kombucha Vaccine Serum,5,Avoskin YSB serum yang varian azeclair ini cocok banget untuk kalian yang punya masalah dengan tekstur kulit karena di aku seampuh itu. Sebelumnya  muka aku itu bertekstur alias gradakan di area dahi dan hidung. Dan Alhamdulillah selama kurang lebih sebulan aku pake azeclair ini kondisi kulitku jadi better  kalian bisa lihat ya di foto before&after aku (abaikan warna kulitnya). Awal aku pesen yang azeclair ini atas rekomendasi admin avoskinnya langsung pas aku konsul. Dan bener dongg secinta itu aku sama azeclair ini. Teksturnya dia agak thick tapi mudah menyerap. Gaada bau yang aneh-aneh. Aku pakai azeclair ini pagi&malam  dan so far aku nyaman aja sih pakai azeclair ini di pagi hari.,https://www.sociolla.com/face-serum/56042-your-skin-bae-serum-ysb-azeclair-10-niacinamide-2-5-kombucha-vaccine-serum
120,AVOSKIN Your Skin Bae Serum Lactic Acid 10% + Niacinamide 2 5%,1,Saya jarang2 pake produk ini  tapi minggu lalu pas saya pake tiba2 muka saya iritasi dibagian pipi sampe ke batang hidung  dan mulut  iritasi ya sampe merah disertai dgn rasa panas nyeri. Tipe kulit saya itu kering  saya pikir akan cocok tapi jujur sangat mengecewakan.,https://www.sociolla.com/face-serum/56041-your-skin-bae-serum-lactic-acid-10-niacinamide-2-5
121,AVOSKIN Your Skin Bae Serum Lactic Acid 10% + Niacinamide 2 5%,3,ini liat di tiktokk padaa cocok bangett  cumaaa di akuu kurang cocokkk sihhh  tergantunggg kulit masing masing ajaaa gaiss  mungkin di kulit aku kurang cocok ajasih,https://www.sociolla.com/face-serum/56041-your-skin-bae-serum-lactic-acid-10-niacinamide-2-6
122,AVOSKIN Your Skin Bae Serum Lactic Acid 10% + Niacinamide 2 5%,2,aku beli produk ini karena reviewnya yg cukup tinggi dan bagus. pas dipakai pertama kali  rasanya cekit cekit gitu. aku baca2 review di sociolla memang ada yg awalnya bereaksi seperti itu  jadi kupikir gapapa. lalu waktu pemakaian yg kedua kalinya  rasanya masih cekat cekit juga. seperti biasa kutinggal sekitar 40 menit tanpa ku layer skincare apa pun  karena ini acid jadi memang aku jedain minimal setengah jam sebelumnya sebelum dilanjutin dengan skincare lain. pipi memang terasa sedikit panas cm aku belum ngeh. lalu pas ngaca kaget bgt daerah pipi  jidat  dan leher jadi merah. aku pegang pipiku memang terasa panas. langsung buru2 cuci muka. habis cuci muka pun masih terasa panas pipinya dan merah. padahal biasa kulitku bukan kulit sensitif dan termasuk tipe kulit badak karena jarang ada skincare yg bereaksi ga cocok di kulitku. jarang banget sampe kejadian begini. memang produk ini ga cocok buatku  padahal uda penasaran banget.,https://www.sociolla.com/face-serum/56041-your-skin-bae-serum-lactic-acid-10-niacinamide-2-7
123,AVOSKIN Your Skin Bae Serum Lactic Acid 10% + Niacinamide 2 5%,2,nyoba ini iseng punya adek. pemakaian pertama langsung cekit cekit  beberapa menit kemudian liat kaca wajah full merah. langsung aku cuci muka  muka sudah terasa panasss. buru buru pakai serumnya YOU yang shoote menenangkan kulit iritasi dan kemerahan. berhasillll beberapa menit kemudian uda ga merah lagi. udah gamau coba coba pake avoskin lagi  lactid acid 10% nya ga main main dosisnya. teksturnya juga lengket banget bikin ga nyaman.,https://www.sociolla.com/face-serum/56041-your-skin-bae-serum-lactic-acid-10-niacinamide-2-8
124,AVOSKIN Your Skin Bae Serum Lactic Acid 10% + Niacinamide 2 5%,3,Beli produk ini krn review-nya oke dan katanya mild buat kulit yg sensitif tp ternyata di kulitku g cocok :( G sampai 10 menit setelah pake  wajah memerah  terasa panas.,https://www.sociolla.com/face-serum/56041-your-skin-bae-serum-lactic-acid-10-niacinamide-2-9
125,AVOSKIN Your Skin Bae Serum Lactic Acid 10% + Niacinamide 2 5%,3,Nyobain ini karna hasilnya bagus bgt di kulit kakakku. Glowing dan lembut kulitnya. Teksturnya enak bgt bikin kenyel kulit. Tp sekali pakai kulitku langsung panas gatel terus nglupas keriiing bgt padahal udah biasa pakai lactic acid. Akhirnya ga berani pakai lagi huhu,https://www.sociolla.com/face-serum/56041-your-skin-bae-serum-lactic-acid-10-niacinamide-2-10
126,AVOSKIN Your Skin Bae Serum Lactic Acid 10% + Niacinamide 2 5%,3,Avoskin Lactic Acid Serum mild exfoliator ini cocok bgt buat pemula  kenapa? Soalnya mengandung lactic acid yaitu turunan dari salicylic acid makanya ringan banget pas dipake. Teksturnya kental tp cepet bgt menyerap di kulit.,https://www.sociolla.com/face-serum/56041-your-skin-bae-serum-lactic-acid-10-niacinamide-2-11
127,AVOSKIN Your Skin Bae Serum Lactic Acid 10% + Niacinamide 2 5%,3,waktu itu aku beli karena lihat tasya farasya pake riview produk ini   tapi ternyata produknya ga cocok sama aku  pas aku pake muka aku auto panaasss yang kaya kebakar gitu jadi aku hentikan deh pemakaiannya:(,https://www.sociolla.com/face-serum/56041-your-skin-bae-serum-lactic-acid-10-niacinamide-2-12
128,AVOSKIN Your Skin Bae Serum Lactic Acid 10% + Niacinamide 2 5%,3,Pertama kali pakai produk avo dan first impression nya gak cocok sama aku nya . Mungkin serum ny tll keras ya . Jd muka ku langsung memerah dan panas .,https://www.sociolla.com/face-serum/56041-your-skin-bae-serum-lactic-acid-10-niacinamide-2-13
129,AVOSKIN Your Skin Bae Serum Lactic Acid 10% + Niacinamide 2 5%,3,Agak cekit2 baru 3x pemakaian belum terlihat hasilnya  semoga sesuai claimnya.cuma lengket agak ga suka teksturnya pas sudah d apply. Jadi perlu moisterazer,https://www.sociolla.com/face-serum/56041-your-skin-bae-serum-lactic-acid-10-niacinamide-2-14
130,AVOSKIN Your Skin Bae Serum Lactic Acid 10% + Niacinamide 2 5%,3,Cobain series ini karena memang kondisi muka lagi ga ada masalah jdnya pgen yang mencerahkan  dan lagi aku belim pernah coba produk yang ada kale nya. Aku abisin sampe habis sih ga ada breakout ya. Formula nya juga mild jadi ga ada masalah,https://www.sociolla.com/face-serum/56041-your-skin-bae-serum-lactic-acid-10-niacinamide-2-15
131,AVOSKIN Your Skin Bae Serum Lactic Acid 10% + Niacinamide 2 5%,4,Kurang cocok di aku  wajah langsung merah banget semua :( salah ku juga pake ini ga dibarengin skincare yg hydrating dan gak cari tau lebih utk jenis kulit apa  ga berani coba lagi jadi ga kepake. Tapi baru sekali pake tekstur kulit jadi lumayan oke asli  serumnya juga cepet meresap  tp tetep aja di aku gak cocok karena bereaksi merah.,https://www.sociolla.com/face-serum/56041-your-skin-bae-serum-lactic-acid-10-niacinamide-2-16
132,AVOSKIN Your Skin Bae Serum Lactic Acid 10% + Niacinamide 2 5%,4,setelah dipakai baru satu kali muka jadi glowing sampai bangun tidur  cuman teksturnya agak lengket. masih harus di pake rutin biar lebih keliatan hasilnya,https://www.sociolla.com/face-serum/56041-your-skin-bae-serum-lactic-acid-10-niacinamide-2-17
133,AVOSKIN YOUR SKIN BAE SERIES Alpha Arbutin 3% + Grapeseed,2,nggak cocok diwajah. keluar jerawat kecil2  terus lengket. packaging aneh. pipetnya semua kudu usaha makenya. males beli avoskin lagi. enough kecewa.,https://www.sociolla.com/face-serum/52505-your-skin-bae-series-alpha-arbutin-3-grapeseed
134,AVOSKIN YOUR SKIN BAE SERIES Alpha Arbutin 3% + Grapeseed,2,aduh sayang banget aku biasa aja sm serum ini. padahal org2 lain bnyk yg cocok. sebenernya di aku gak bikin jerawat atau gmn tp ya gaada efeknya. ditambah aku gak suka bgt sm teksturnya  kentel bgt walaupun emang cepet nyerep tp jdnya tuh kaya kering lengket aja aku rasanya.,https://www.sociolla.com/face-serum/52505-your-skin-bae-series-alpha-arbutin-3-grapeseed
135,AVOSKIN YOUR SKIN BAE SERIES Alpha Arbutin 3% + Grapeseed,3,Udh beberapa bulan yg lalu belinya tp br sempet review. Aku gak cocok sih pakai produk ini. Aku combine sm retinol untuk malamnya. Tapi sayang jadi breakout bgt di jidat dan dagu. Memang kedua ini area paling sensitifku. Beli ini karena liat review kalo kandungan alpha arbutin tuh bagus di kulit hehe tapi gak lagi deh. Susah ngilangin bekas jerawatnya.,https://www.sociolla.com/face-serum/52505-your-skin-bae-series-alpha-arbutin-3-grapeseed
136,AVOSKIN YOUR SKIN BAE SERIES Alpha Arbutin 3% + Grapeseed,3,skincare emg cocok2an sihh aku udh pake ini 3 botol gaada pengaruh apapun  awalnya ky yaudah cobain aja mungkin blum keliatan  tapi sampe skrg udh di botol 3 ngga ngaruh apapun di kulit aku sedih bgt  pdhl udh berharap byk sm serum ini,https://www.sociolla.com/face-serum/52505-your-skin-bae-series-alpha-arbutin-3-grapeseed
137,AVOSKIN YOUR SKIN BAE SERIES Alpha Arbutin 3% + Grapeseed,3,Lucu warnanya ungu jdi iseng aja beli karena dia ada kandungan alpha arbutin nya. Baca baca di gugel dia bisa gantiin yg The Ordinary itu cuma di mukaku tidak ada efek apapun,https://www.sociolla.com/face-serum/52505-your-skin-bae-series-alpha-arbutin-3-grapeseed
138,AVOSKIN YOUR SKIN BAE SERIES Alpha Arbutin 3% + Grapeseed,4,Ehm agak bingung sih yaa buat nilai ini di satu sisi dia cepet banget buat mudarin bekas jerawat aku tapi dia bikin bruntusan kecil kecil di daerah rahang gituu. Jadi aku makenya jarang2 siii yang routine tetep pake yg niacinamide. Tp dia cepet nyerep dan baunya gak aneh aneh aku sukaa,https://www.sociolla.com/face-serum/52505-your-skin-bae-series-alpha-arbutin-3-grapeseed
139,AVOSKIN YOUR SKIN BAE SERIES Alpha Arbutin 3% + Grapeseed,3,Paling suka sm botol avo pipet nya jg enak. Tekstur kentel bgt sih butuh 2 pump untuk semua muka  cepet nyerap  untuk kelembapan lumayan untuk efek mencerahkan biasa aja sih repurchase no lebih enak yg avo vit c lebih mencerahkan.,https://www.sociolla.com/face-serum/52505-your-skin-bae-series-alpha-arbutin-3-grapeseed
140,AVOSKIN YOUR SKIN BAE SERIES Alpha Arbutin 3% + Grapeseed,3,Teksturnya cukup kental  nyerapnya cepet! STapi di aku belum ada efek apa-apa  buat memudarkan bekas jerawat juga ngga mempan  padahal udah habis satu botol  bener-bener nggak ada perkembangannya gitu huhu... Jadi sedih padahal suka banget sama warna packagingnya yang ungu  bikin rak skincare jadi cantik ehehehe,https://www.sociolla.com/face-serum/52505-your-skin-bae-series-alpha-arbutin-3-grapeseed
141,AVOSKIN YOUR SKIN BAE SERIES Alpha Arbutin 3% + Grapeseed,3,cocok bgt di kulit aku awalnya ada dark spot terus pakai 1 botol dark spot memudar and kulit muka jadi lebih cerah otw udah botol ke 2 vry reccomend!!,https://www.sociolla.com/face-serum/52505-your-skin-bae-series-alpha-arbutin-3-grapeseed
142,AVOSKIN YOUR SKIN BAE SERIES Alpha Arbutin 3% + Grapeseed,3,Teksturnya lumayan agak thick tapi efek nya bagus semingguan agak mulai kelihatan cerahan dan mengurangi bekas jerawat yang memerah dan jerawat yang menghitam,https://www.sociolla.com/face-serum/52505-your-skin-bae-series-alpha-arbutin-3-grapeseed
143,AVOSKIN YOUR SKIN BAE SERIES Alpha Arbutin 3% + Grapeseed,3,Aku nggak terlalu suka dengan packaging nya karena kaca  jadi takut pecah dan berat juga. Testure produk nya cair  nggak ada bau  tapi nggak seperti air juga. setelah aku pakai sampai habis  produk ini tidak memberi efek apa apa ke kulit ku. tidak memberikan efek positif seperti mencerahkan dan lain lain. tidak memberikan efek negatif seperti kemerahan jerawat.,https://www.sociolla.com/face-serum/52505-your-skin-bae-series-alpha-arbutin-3-grapeseed
144,AVOSKIN YOUR SKIN BAE SERIES Alpha Arbutin 3% + Grapeseed,3,packagingnya lucu banget sayang dia gacocok di aku:( malah jadi jerawat mendem gede2 padahl di org2 dia bagus bgt buat ngilangin bekas jerawat  mungkin habis ini aku coba buat spot treatment aja bukan dipake semuka gitu,https://www.sociolla.com/face-serum/52505-your-skin-bae-series-alpha-arbutin-3-grapeseed
145,AVOSKIN YOUR SKIN BAE SERIES Alpha Arbutin 3% + Grapeseed,3,awalnya excited banget buat coba serum ini karna liat kebanyakan review tuh cocok semua dan efeknya keren banget  tapi sayangnya di aku ga cocok. pas dipake muka aku langsung bruntusan mendem gitu banyak banget tapi kayanya di aku sih lebih kasih ngefek mencerahkan aja.,https://www.sociolla.com/face-serum/52505-your-skin-bae-series-alpha-arbutin-3-grapeseed
146,AVOSKIN YOUR SKIN BAE SERIES Alpha Arbutin 3% + Grapeseed,3,pertama kali nyoba. dan kayaknya kurang cocok sih. awalnya dia bikin beruntusan di rahang dan mereda. teksture gak suka lengket dan bikin pilling kalo pake sunscreen :( masih 2 minggu pakai masih belum kelihatan hasilnya.,https://www.sociolla.com/face-serum/52505-your-skin-bae-series-alpha-arbutin-3-grapeseed
147,AVOSKIN YOUR SKIN BAE SERIES Alpha Arbutin 3% + Grapeseed,3,Gak ada efek apa-apa sih dikulit  mungkin kulitku aja yang badak. Syukurnya gak rusak kulit aja si. Wanginya kurang nyaman dihidung mungkin krn ada anggur jadi kaya wangi asem.,https://www.sociolla.com/face-serum/52505-your-skin-bae-series-alpha-arbutin-3-grapeseed
148,AVOSKIN YOUR SKIN BAE SERIES Alpha Arbutin 3% + Grapeseed,3,sukaakkk dgn bungkusnya  mayan efektif sih menghambat pigmentasi kulit tp kurang suka teksturnya terlalu kental dan jga baunya agak kurang suka. tetap repurchase krn belum nemu produk alpha arbutin lain selain ini.,https://www.sociolla.com/face-serum/52505-your-skin-bae-series-alpha-arbutin-3-grapeseed
149,AVOSKIN YOUR SKIN BAE SERIES Alpha Arbutin 3% + Grapeseed,3,coba pakai ini karena yang biasa dipake yg warna kuning itu habis :( sayangnya ternyata kurang cocok di muka aku ya  kaya ngegumpal gitu setelah dipake di muka.,https://www.sociolla.com/face-serum/52505-your-skin-bae-series-alpha-arbutin-3-grapeseed
150,AVOSKIN YOUR SKIN BAE SERIES Alpha Arbutin 3% + Grapeseed,3,serum ini punya tekstur gel yang cukup thick. ketika dipakai bisa melembabkan kulit. produk ini juga menurutku cukup cepat untuk mencerahkan warna kulit. sayang di aku ga cocok krn selalu timbul bruntusan di kening tiap pakai produk ini.,https://www.sociolla.com/face-serum/52505-your-skin-bae-series-alpha-arbutin-3-grapeseed
151,AVOSKIN YOUR SKIN BAE SERIES Alpha Arbutin 3% + Grapeseed,3,Sorry avoskin seri ybs serum ini kayaknya kurang works di akh  entah kenapa kayak ga ada efek apapun selain melembabkan dan tekstur kental ini susah menyerap di kulit,https://www.sociolla.com/face-serum/52505-your-skin-bae-series-alpha-arbutin-3-grapeseed
152,AVOSKIN YOUR SKIN BAE SERIES Alpha Arbutin 3% + Grapeseed,4,Sudah lama pakai product avoskin terutama rangkaian YBS. Untuk serum yang ini si menurutku cukup melembabkan kulit aja ya  nggak ngasih efek yang wow banget. Aku udah pakai sekitar 2 bulan,https://www.sociolla.com/face-serum/52505-your-skin-bae-series-alpha-arbutin-3-grapeseed
153,AVOSKIN YOUR SKIN BAE SERIES Alpha Arbutin 3% + Grapeseed,4,Entah botol keberapa  yang pasti aku suka sama produk ini. Ga ada wangi macem2  stlah pakai ini  kulit jdi lebih kncang  salah satu produk yg mengurangi flek di wajahkuu.,https://www.sociolla.com/face-serum/52505-your-skin-bae-series-alpha-arbutin-3-grapeseed
154,AVOSKIN Hydrating Treatment Essence,1,Langsung bruntus sesaat setelah dipakai. Itu kesanku ketika pakai ini. Botolnya dari kaca dan memang berat banget. Cocoknya di taruh rapi di kamar padahal aku pengennya bisa di bawa2 ke mana2.. wanginya enak sih tp lengket ketika dipakai.. dan komedoku langsung nongol setelah beberapa kali pemakaian. Repurchase? No.,https://www.sociolla.com/essence/10170-hydrating-treatment-essence
155,AVOSKIN Hydrating Treatment Essence,1,maaf di muka aku ini ga coco  kayaknya aku alergi sama bahan bahan peppermint  baru 3 kali pakai mukaku langsung bengkak merah merah dan butuh waktu 2 minngu buat recovery,https://www.sociolla.com/essence/10170-hydrating-treatment-essence
156,AVOSKIN Hydrating Treatment Essence,2,Disaat banyaknya orang2 suka dengan hydrating treatment essence ini. Buat aku enggak. Packagingnya cantik. Botol kaca. Mistnya bagus. Lembut. Satu kali semprot jangkau hampir setengah wajah jadi emang irit banget. Warna hijaunya juga cantik. Tapi sayangnya... karena biasany aku bawa face mist itu kemana2.. kalau botol kaca gini aku malah takut bawanya. Berat pula. Gak travel friendly. Yang paling aku gak suka itu.. bau peppermintnya TOO MUCH TOO STRONG. Sampai kalau kena mata perih. Mana lagi aku selama quarantine ini banyakan gak kemana2  sering pake active serum dan oil  nah kalau di sandwich sama ini  asli perihhh. Tuang ditangan terus didelute sama bahan active juga tetap aja perih di wajah. Tapi kalau gak pake active  sih gak perih di wajah (kecuali kena mata) jadi aku gak bermasalah (alergi / gak cocok) sebenarny sama produk ini. Well aku pake face mist itu gak pernah cuma face mist doank pasti berikutnya ada regime yang akan digunakan  jadi face mist itu gunanya buat bantu produk berikutnya gampang nyerap  kalau buat ini  face mist ini kerjanya ok. Dipake sendirian aja  gak ada efek melembabkan seperti claimnya. Basah diawal habis itu udah lenyap aja. Akhirnya aku pake buat semprot2 badan terutama punggung kalau lagi jerawatan atau kalau lagi panas2an diluar dan kulit kering  aku semprot biar bisa habis walaupun tetap aku terganggu dengan bau mintnya. Claim lainnya gak aku rasain.,https://www.sociolla.com/essence/10170-hydrating-treatment-essence
157,AVOSKIN Hydrating Treatment Essence,2,Kulitku terasa panas setelah pakai HTE ini Gatau kenapa dan setelah 2 hari pakai di daerah pipi malah ada dry patches jadi ga aku lanjut lagi deh pakai HTE ini,https://www.sociolla.com/essence/10170-hydrating-treatment-essence
158,AVOSKIN Hydrating Treatment Essence,2,sebenarnya essence ini enak banget dipake. ada sensasi sejuk²nya dan agak bau² mint gitu. tp ternyata kayaknya gue ga cocok sama salah satu kandungannya krn muka gue langsung jerawatan pake ini.,https://www.sociolla.com/essence/10170-hydrating-treatment-essence
159,AVOSKIN Hydrating Treatment Essence,2,beli udah setahun lebih tapi nggak abis abis  serangkaian dengan yang acne series. ini agak aneh sih aromanya buat nggak nyaman. dan bingungnya warnanya agak kekuningan gitu. sampai sekarang juga nggak dipakai mungkin tahun baru bakalan aku buang aja. mala kalau pakai ini warna muka mala makin gelap dan kayak minyakan.,https://www.sociolla.com/essence/10170-hydrating-treatment-essence
160,AVOSKIN Hydrating Treatment Essence,3,Rasanya clekit clekit  spray nya halus cuma kelihatan glowing aja tapi bikin nambah jerawat dimukaku klo yg kulit sensitif pake malam aja pas bersih mukanya,https://www.sociolla.com/essence/10170-hydrating-treatment-essence
161,AVOSKIN Hydrating Treatment Essence,3,beli karena tertarik sm klaimnya yg multifungsi. tapi ternyata pas dicoba  rasanya perih dan bikin kulit panas. mungkin karena ada kandungan mintnya. atau mungkin karena kulit ku ga cocok sama alkohol. buat yg kulitnya sensitif mungkin jangan pake produk ini deh. skg cuma kupake buat setting spray,https://www.sociolla.com/essence/10170-hydrating-treatment-essence
162,AVOSKIN Hydrating Treatment Essence,3,kalo di kulit aku ga cocok banget soalnya kadar alkohol nya lumayan dan kulit aku ternyata gabisa banget ama alkohol. Jadi untuk kulit sensitif bisa dipertimbangkan lagi,https://www.sociolla.com/essence/10170-hydrating-treatment-essence
163,AVOSKIN Hydrating Treatment Essence,2,salah satu essence yang membuatku bo parah bruntusan dan jerawat tumbuh subur. langsung tak hentikan pemakaiannya. Sedih padahal memiliki harapan tinggi pada produk ini,https://www.sociolla.com/essence/10170-hydrating-treatment-essence
164,AVOSKIN Hydrating Treatment Essence,2,Baru sekali nyoba  aku kira akan cocok di kulit wajahku yang kombinasi dan mudah berjerawat. Tapi baru beberapa pemakaian muncul banyak bruntusan dan 2 jerawat besar. Wajahku yg tadinya agak mulusan skrng jadi breakout parah huhu. Jadinya aku stop pake avoskin hydrating treatment essence:(((,https://www.sociolla.com/essence/10170-hydrating-treatment-essence
165,AVOSKIN Hydrating Treatment Essence,2,Sebenernya aku suka karna dia tuh mengangkat kotoran yg masih sisa yg ada di muka padahal aku udah cuci muka pakai sabun cuci muka tapi kalau di kukit muka ku tuh ga cocok kaya oanas mungki effect dari alcoholnya kali ya terus jabruntusan gitu deh,https://www.sociolla.com/essence/10170-hydrating-treatment-essence
166,AVOSKIN Hydrating Treatment Essence,3,Lumayan hydrating  tapi aku kurang suka sama wanginya kaya wangi sayuran kalo dikumpulin hehehehe. Cuma aku gatau kenapa semenjak pake ini jadi ada jerawat jerawat gitu  aku gatau salah produknya atau karna keadaan akunya tapi semenjak aku rutin pake jadi muncul jerawat  emang hydrating sih tapi kalo jadi jerawatan buat apa. huhuhuhu padahal aku berharap dia cocok karna keracunan ka suhay. dan aku masih belum nemu hydrating toner yang cocok:',https://www.sociolla.com/essence/10170-hydrating-treatment-essence
167,AVOSKIN Hydrating Treatment Essence,3,dulu beli grgr klaim nya bisa mencerahkan. gaterlalu ngaruh untuk mencerahkan sih  cmn ini menyegarkan wajah banget kalo abis cuci muka  oh iya ini alkoholnya lumayan kerasa bgt jadi buat yg kulitnya sensitif better to avoid this,https://www.sociolla.com/essence/10170-hydrating-treatment-essence
168,AVOSKIN Hydrating Treatment Essence,3,Sejauh aku make sih ga bikin breakout ya cuman untuk efeknya belum terasa gitu. Tapi setiap kali make ini pasti muka langsung kerasa seger gitu apalagi kali dimasukin ke kulkas,https://www.sociolla.com/essence/10170-hydrating-treatment-essence
169,AVOSKIN Hydrating Treatment Essence,3,Pingin coba aja karna lg promo dan karna bentuknya mist jd tertarik. Biasa kupake sbg toner atau kl lg pengen semprot ke muka aja biar seger. Baunya mint2 gt dan dinginn kl dipake  lumayan tp pake nya cm baru beberapa kali karna kl dipake trs2an jadi ada bruntusan kecil2 gt,https://www.sociolla.com/essence/10170-hydrating-treatment-essence
170,AVOSKIN Hydrating Treatment Essence,3,Iseng iseng beli ini karena ada kandungan niacimidae(?) Rasanya emang segerr karena ada kandungan mint dan alkoholnya yaa. Tapi aku ga suka ini produk soalnya dia bikin lengkett bgt rasanya di kulit oilyku inii  plikett gasukak deh pokoknya.,https://www.sociolla.com/essence/10170-hydrating-treatment-essence
171,AVOSKIN Hydrating Treatment Essence,4,Toner dengan bau peppermint yang lumayan strong dan menyengat. Teksturnya seperti air dan tidak lengket saat pemakaian. Botolnya lumayan gede & berat  sehingga kurang nyaman utk traveling. Lumayan efektif utk mengatasi kulit kering  dan jerawat.,https://www.sociolla.com/essence/10170-hydrating-treatment-essence
172,AVOSKIN Hydrating Treatment Essence,4,untuk dijadiin facemist sih enak and bagus bagus aja ya karena dia bikin berasa dinginnya gitu dan kalo buat jadi setinggi sprayy yang mau looknya flawless good good ajaa,https://www.sociolla.com/essence/10170-hydrating-treatment-essence
173,AVOSKIN Hydrating Treatment Essence,4,Ini toner yg super seger dan refreshing di muka setiap pemakaian nya ada sensasi spring seger seger gimana gt ini cukup lumayan melembab kan di muka. Di aku aku pakek ketika waktu jerawat lagi meradang dan hasilnya super calming sekali di muka.,https://www.sociolla.com/essence/10170-hydrating-treatment-essence
174,AVOSKIN Hydrating Treatment Essence,5,"Aku coba ini karena nonton nonton review katanya bagus untuk bekas jerawat dan mengeringkan jerawat pas aku liat harganya murmer dongg. Okeh beli disoco dan aku udah pakai ini selama sebulan. Applicator dengan kapas. efeknya sumpah bekas jerawat aku memudar. Enak banget  walaupun wanginya rada gak suka. Tapi ini bagus sih menurut aku. Kalo di klik helpful nanti aku buat review dan foto muka aku before dan after. ,))",https://www.sociolla.com/essence/10170-hydrating-treatment-essence
175,AVOSKIN Hydrating Treatment Essence,5,face mist ini ternyata nyatu juga sama toner. yeay paket lengkap lagi. ampuh bersihin wajah yang kusam. super duper menenangkan dan melembapkan gais??,https://www.sociolla.com/essence/10170-hydrating-treatment-essence
176,AVOSKIN Hydrating Treatment Essence,5,Nyegerin bgt dikulit  sbelum pakai ini kulit ku lagi breakout setelah pakai ini jadi menghilang  tekstur nya cair jadi mudah menyerap ke kulit  mudah di aplikasikan juga. Udah abis 2 botol sejauh ini aku suka bgtt,https://www.sociolla.com/essence/10170-hydrating-treatment-essence
177,AVOSKIN Natural Sublime Facial Cleanser,2,Gak terlalu cocok pakai produk ini. Di aku bikin mukaku jerawatan. Mungkin akan lebih aman dipakai di muka yang gak sensitive. Walaupun teksturnya oke menurutku,https://www.sociolla.com/face-wash/51154-natural-sublime-facial-cleanser
178,AVOSKIN Natural Sublime Facial Cleanser,3,Baru pertama kali sih tapi muka rasanya lembab lebih halus  semoga bisa mengatasi masalah kulitku yg beruntusan dan kering ini yupss aamiin hehehewwww,https://www.sociolla.com/face-wash/51154-natural-sublime-facial-cleanser
179,AVOSKIN Natural Sublime Facial Cleanser,3,Baru sekali beli mau cobain face wash lain sih niatnya  tapi di aku b aja si  nggak sewow itu dan nggak jelek juga  teksturnya terlalu kental dan ketika dipakai masih terasa berat,https://www.sociolla.com/face-wash/51154-natural-sublime-facial-cleanser
180,AVOSKIN Natural Sublime Facial Cleanser,3,di kulit kering ku dia kurang cocok ):   abis cuci muka emang ga kerasa ketarik tapi keringg banget sampai ngelupass gituuu bener bener kurang cocok dan harganya lumayan pricey,https://www.sociolla.com/face-wash/51154-natural-sublime-facial-cleanser
181,AVOSKIN Natural Sublime Facial Cleanser,3,Jenis sabun muka yang aku suka karna busanya gak begitu banyak dan gak bikin kering. Penggunaan bisa sampai 1 bulan lebih. Sangat gentle di muka yang gampang kering.,https://www.sociolla.com/face-wash/51154-natural-sublime-facial-cleanser
182,AVOSKIN Natural Sublime Facial Cleanser,3,udah dipake 3 bulan dan gaada perubahan di wajahku  yang ada malah numbuh jerawat kayaknya ngga cocok padahal aku suka bgt sama teksturenya dan gaada wanginya sama sekali! apa karena ada niacinnya yaa :(((,https://www.sociolla.com/face-wash/51154-natural-sublime-facial-cleanser
183,AVOSKIN Natural Sublime Facial Cleanser,3,Bukan tipe facial wash yang aku suka. Dia teksturenya gel  pemakaiannya cukup sedikit terus diratakan di wajah. Tidak berbusa  tidak memberikan efek kesat di kulit wajah.,https://www.sociolla.com/face-wash/51154-natural-sublime-facial-cleanser
184,AVOSKIN Natural Sublime Facial Cleanser,3,dia beneran gentle dan tipenya gel cleanser  pake dikit aja cukup berbusa  ga bikin ketarik di kulit aku  packaging nya eco friendly. awalnya ku kira toner niacin avoskin yg bikin brutusan jadi aku stop tuh toner tapi kok masih brutusan trs jerawat terus muncul:( ternyata fw ini ga acne fungal safe jadi berhenti deh pake fw ini,https://www.sociolla.com/face-wash/51154-natural-sublime-facial-cleanser
185,AVOSKIN Natural Sublime Facial Cleanser,3,pengen banget nyobain produk dari avoskin ini karena punya ingredient nya bagus. Mengandung niacinamide  kale extract cactus extract extract mawar Low pH yang bagus untuk menjaga kelembaban kulit wajah.,https://www.sociolla.com/face-wash/51154-natural-sublime-facial-cleanser
186,AVOSKIN Natural Sublime Facial Cleanser,4,Beli produk ini karena ingridientsnya yang bisa cocok dipake sama somethinc niacinamide. Tekstur gelnya gampang banget untuk usap. Pernah coba facial wash dengan tekstur gel juga tapi susah buat diblend gitu. Tipe wajahku berminyak  dan sangat berjerawat. Pake facial wash avoskin ini kerasa bikin calming wajah aku dan fresh. gak ada efek ketariknya sama sekali. Harganya emg mahal tapi worth it kok.,https://www.sociolla.com/face-wash/51154-natural-sublime-facial-cleanser
187,AVOSKIN Natural Sublime Facial Cleanser,4,Udah hampir 2 bulan pake ini dan rangkaian avoskin lainnya  sejauh ini cocok di kulit wajah aku yg sensitif  tekstur nya gel  baunya mirip dengan facial wash Wardah yang aloevera. melembabkan dan ga bikin kulit muka ketarik.,https://www.sociolla.com/face-wash/51154-natural-sublime-facial-cleanser
188,AVOSKIN Natural Sublime Facial Cleanser,4,Teksturnya gel yang dipake sedikit aja udah cukup bersihin satu muka dan dibawa cuci muka lama alias di pijet2 dulu tuh aman ga bikin muka feelsnya ketarik!! Face wash ini dapat digunakan untuk semua jenis kulit ya  karena low pH dan gentle  jadi aman untuk kulit yg sensitif sekalipun.,https://www.sociolla.com/face-wash/51154-natural-sublime-facial-cleanser
189,AVOSKIN Natural Sublime Facial Cleanser,4,Pertama coba  beli karena review dan katanya sih oke. Setelah pemakaian sebulan masih belum terlihat hasilnya. Mungkin kurang cocok dengan kulit wajahku  jadi beruntusan di jidat.,https://www.sociolla.com/face-wash/51154-natural-sublime-facial-cleanser
190,AVOSKIN YSB Shield of Sun Essence SPF 50 PA++++,3,aku beli karena packagingnya mungil dan emang enak dibawa traveling  plusnya juga karena produknya gampang nyerep + ga bikin whitecast. cuma sayangnya dia gampang luntur kalau keringetan  mungkin next time bisa diimprove lagi yah formulanya.,https://www.sociolla.com/sunscreen/69011-ysb-shield-of-sun-essence-spf-50-pa
191,AVOSKIN YSB Shield of Sun Essence SPF 50 PA++++,3,untung coba yang size mini dulu. karena kurang suka dengan formulanya agak cair dan berminyak di kulit oily aku  masih terdapat pewangi buatan nya atau essential oil kalo nggak salah. dan ini harganya tergolong mahal kalo cuma ukuran 30ml . kemasan tutup botolnya juga yang model puter jadi agak ribet,https://www.sociolla.com/sunscreen/69011-ysb-shield-of-sun-essence-spf-50-pa
192,AVOSKIN YSB Shield of Sun Essence SPF 50 PA++++,5,bagus produknya buat kulit berminyak dan berjerawat ngak buat oily bngt dan cpt kering.ngak putih kalau dipake.ringan dan nyaman.simple buat kemasannya.sesuailah harganya,https://www.sociolla.com/sunscreen/69011-ysb-shield-of-sun-essence-spf-50-pa
193,AVOSKIN YSB Glow Concentrate Treatment 2% Aqua Ceramide + Multi Probiome + Hyaluronic Acid,4,udah pake moisture ini seminggu lebih dimalam hari lembab bgt  cocok dipake sehabis exfoliasi maupun sehabis pake retinol paginya kulit lebih sehat gitu,https://www.sociolla.com/face-cream-lotion/62679-ysb-glow-concentrate-treatment-2-aqua-ceramide-multi-probiome-hyaluronic-acid
194,AVOSKIN YSB Glow Concentrate Treatment 2% Aqua Ceramide + Multi Probiome + Hyaluronic Acid,4,Aku memang cocok cocok aja pakai produk Avoskin. Utk moizturizer ini teksturnya thick bgt. Jd memang harus nunggu supaya bener2 menyerap. Berasa efek hydratingnya.,https://www.sociolla.com/face-cream-lotion/62679-ysb-glow-concentrate-treatment-2-aqua-ceramide-multi-probiome-hyaluronic-acid
195,AVOSKIN YSB Glow Concentrate Treatment 2% Aqua Ceramide + Multi Probiome + Hyaluronic Acid,5,ini enak banget sih dipakainya.. kulit jd terhidrasi.. bener2 bikin mulus muka juga  apalagi kalo dipakai pas malam hari  besok paginya kulit wajah jadi plumfy banget,https://www.sociolla.com/face-cream-lotion/62679-ysb-glow-concentrate-treatment-2-aqua-ceramide-multi-probiome-hyaluronic-acid
196,AVOSKIN YSB Glow Concentrate Treatment 2% Aqua Ceramide + Multi Probiome + Hyaluronic Acid,5,Pertama kali pakai moisturizer ini  cocok dikulit aku yang kombinasi to kering dan setelah pakai hasilnya lembab dan gakada efek gatal-gatal atau kemerahan,https://www.sociolla.com/face-cream-lotion/62679-ysb-glow-concentrate-treatment-2-aqua-ceramide-multi-probiome-hyaluronic-acid
197,AVOSKIN YSB Glow Concentrate Treatment 2% Aqua Ceramide + Multi Probiome + Hyaluronic Acid,5,bagus bangeettt bangetaannn huhuhuhu. ngelembabin bgt. perbaiki skinbarrier aku juga. pertama coba yg ukuran kecil. skg beralih karna cocok bgt sama akuuu,https://www.sociolla.com/face-cream-lotion/62679-ysb-glow-concentrate-treatment-2-aqua-ceramide-multi-probiome-hyaluronic-acid
198,AVOSKIN YSB Glow Concentrate Treatment 2% Aqua Ceramide + Multi Probiome + Hyaluronic Acid,3,produknya nyaman dikulit  tpi ukurannya kecil dan cepat habis. harga kurang bersahabat. tidak menimbulkan efek lembab segitunya. kurang cocok buat saya,https://www.sociolla.com/face-cream-lotion/62679-ysb-glow-concentrate-treatment-2-aqua-ceramide-multi-probiome-hyaluronic-acid
199,AVOSKIN YSB Glow Concentrate Treatment 2% Aqua Ceramide + Multi Probiome + Hyaluronic Acid,4,moist terbaik make ini pas muka lagi breakout parah hasilnya beuh adem gitu ga langsung sih di aku efeknya baru kerasa pas 1 bulan setelah pemakaian dan aku udah abis 2 jar overall okee cuman minusnya harganya agak mahal yaa untuk ukuran 15 ml dan juga teksturnya yang agak cair juga bikin moist ini keliatan boros,https://www.sociolla.com/face-cream-lotion/62679-ysb-glow-concentrate-treatment-2-aqua-ceramide-multi-probiome-hyaluronic-acid
200,AVOSKIN YSB Glow Concentrate Treatment 2% Aqua Ceramide + Multi Probiome + Hyaluronic Acid,5,sangat-sangat rekomendasi. sejauh ini untuk kulit kombinasi aku cocok. pori-pori mulai mengecil dan melembabkan kulit wajah banget. dipake malam hari pas paginya kulit berasa lebih enakan.,https://www.sociolla.com/face-cream-lotion/62679-ysb-glow-concentrate-treatment-2-aqua-ceramide-multi-probiome-hyaluronic-acid
